{"train loss": {"min": 1.6455934047698975}, "_timestamp": 1676423355.237233, "_runtime": 8.518576860427856, "_step": 2999, "_wandb": {"runtime": 9}}