{"train loss": {"min": 3.5194764137268066}, "_timestamp": 1675017177.5947032, "_runtime": 5.424432277679443, "_step": 999, "_wandb": {"runtime": 4}}