{"Fold": 4, "MSE": 0.16847077012062073, "_timestamp": 1704127374.90489, "_runtime": 22.247220993041992, "_step": 5, "Average_MSE": 0.9133023917675018, "_wandb": {"runtime": 21}}