{"Fold": 4, "MSE": 0.14711511135101318, "_timestamp": 1704127304.624307, "_runtime": 24.652612924575806, "_step": 5, "Average_MSE": 0.9500482678413391, "_wandb": {"runtime": 24}}