{"Fold": 4, "MSE": 0.16713374853134155, "_timestamp": 1704127447.6796632, "_runtime": 21.484864234924316, "_step": 5, "Average_MSE": 0.9132596969604492, "_wandb": {"runtime": 21}}