{"train loss": {"min": 4.259930610656738}, "_timestamp": 1676423606.3915641, "_runtime": 3.244880199432373, "_step": 99, "_wandb": {"runtime": 4}}