,device,Pr,Vc (P-V),Imprint (P-V),Vc (I-V),Imprint (I-V),endurance,10^6 Pr,10^6 Vc,10^6 Imprint,10^7 Pr,10^7 Vc,10^7 Imprint
0,30um_O_2D3R,6.260514851419436e-29,0.2611236332959379,-0.0007961918600201678,0.0,0.0,29286446.0,0.0,0.0,0.0,0.0,0.0,0.0
1,30um_O_2R,5.388300034307286e-29,0.20768569225765532,-0.009479533549207109,0.0,0.0,0.0,0.0,0.0,0.0,0.0,0.0,0.0
2,30um_O_3R,7.715506108575521e-29,0.20577398294699378,0.021602440073172052,0.0,0.0,0.0,0.0,0.0,0.0,0.0,0.0,0.0
3,20um_O_2D5R,6.010451333082754e-29,0.299611627968261,0.05063310752040229,0.0,0.0,8576959.0,0.0,0.0,0.0,0.0,0.0,0.0
4,30um_O_4R,7.379591806966309e-29,0.20618160191224888,0.021432200620184916,0.0,0.0,8576959.0,0.0,0.0,0.0,0.0,0.0,0.0
