,device,Pr,Vc (P-V),Imprint (P-V),Vc (I-V),Imprint (I-V),endurance,10^6 Pr,10^6 Vc,10^6 Imprint,10^7 Pr,10^7 Vc,10^7 Imprint
0,200um_O_NA,4.430700455599627e-28,0.9144114153459668,0.2017191789315102,0.0,0.0,0.0,0.0,0.0,0.0,0.0,0.0,0.0
1,100um_O_NA,7.129181977234118e-28,1.041529898531735,0.1209277607814016,0.0,0.0,2511887.0,0.0,0.0,0.0,0.0,0.0,0.0
2,100um_O_NA2,6.20745029709723e-28,1.0220807217992842,0.09591177992019845,0.0,0.0,284804.0,0.0,0.0,0.0,0.0,0.0,0.0
