,device,Pr (mC/cm^2),Vc (P-V),Imprint (P-V),Vc (I-V),Imprint (I-V),endurance,10^6 Pr (mC/cm^2),10^6 Vc,10^6 Imprint,10^7 Pr (mC/cm^2),10^7 Vc,10^7 Imprint,max Pr (mC/cm^2)
0,30um_O_2D,15.06859145048999,1.0561327786417678,0.18613060942516313,0.0,0.0,2511887.0,9.204281077381566e-11,0.0,0.0,0.0,0.0,0.0,1.671735014483389e-10
1,30um_O_2D3R,15.17516795298719,0.9827658241265453,0.11020352520868298,0.0,0.0,0.0,8.393750501573273e-11,0.0,0.0,0.0,0.0,0.0,1.6863133362561735e-10
