,device,Pr (mC/cm^2),Vc (P-V),Imprint (P-V),Vc (I-V),Imprint (I-V),endurance,10^6 Pr (mC/cm^2),10^6 Vc,10^6 Imprint,10^7 Pr (mC/cm^2),10^7 Vc,10^7 Imprint,max Pr (mC/cm^2)
0,30um_O_2D,15.06859145048999,1.0561327786417678,0.18613060942516313,0.0,0.0,2511887.0,10.226978974868407,0.0,0.0,0.0,0.0,0.0,18.574833494259877
1,30um_O_2D3R,15.17516795298719,0.9827658241265453,0.11020352520868298,0.0,0.0,0.0,9.326389446192525,0.0,0.0,0.0,0.0,0.0,18.73681484729082
