,device,Pr,Vc (P-V),Imprint (P-V),Vc (I-V),Imprint (I-V),endurance,10^6 Pr,10^6 Vc,10^6 Imprint,10^7 Pr,10^7 Vc,10^7 Imprint
0,30um_O_2D,1.5068591450489986e-27,1.0561327786417678,0.18613060942516313,0.0,0.0,2511887.0,0.0,0.0,0.0,0.0,0.0,0.0
1,30um_O_2D3R,1.5175167952987193e-27,0.9827658241265453,0.11020352520868298,0.0,0.0,0.0,0.0,0.0,0.0,0.0,0.0,0.0
