,device,Pr (mC/cm^2),Vc (P-V),Imprint (P-V),Vc (I-V),Imprint (I-V),endurance,10^6 Pr (mC/cm^2),10^6 Vc,10^6 Imprint,10^7 Pr (mC/cm^2),10^7 Vc,10^7 Imprint,max Pr (mC/cm^2)
0,20um_O_5R,16.182668365330493,1.0145739339059219,0.15429992137525583,1.119754111918155,0.25948009938748906,0.0,19.70564760325116,0.8492442859187306,0.8492442859187306,0.0,0.0,0.0,0.0
1,30um_O_1D,16.135969898003722,1.0911683208541945,0.23782016424852598,1.1952796722762287,0.16375322925782942,0.0,0.0,0.0,0.0,0.0,0.0,0.0,0.0
