,device,Pr,Vc (P-V),Imprint (P-V),Vc (I-V),Imprint (I-V),endurance,10^6 Pr,10^6 Vc,10^6 Imprint,10^7 Pr,10^7 Vc,10^7 Imprint
0,30um_O_2D,8.779436233099761e-28,1.0429529569810256,0.11160927447712843,0.0,0.0,2511887.0,0.0,0.0,0.0,0.0,0.0,0.0
1,30um_O_2D3R,9.66145433191437e-28,1.050393637327943,0.11935834294487652,0.0,0.0,0.0,0.0,0.0,0.0,0.0,0.0,0.0
2,30um_O_1D,8.0069645415884815e-28,1.0370240795309655,0.10249309895990621,0.0,0.0,735643.0,0.0,0.0,0.0,0.0,0.0,0.0
