,device,Pr (mC/cm^2),Vc (P-V),Imprint (P-V),Vc (I-V),Imprint (I-V),endurance,10^6 Pr (mC/cm^2),10^6 Vc,10^6 Imprint,10^7 Pr (mC/cm^2),10^7 Vc,10^7 Imprint,max Pr (mC/cm^2)
0,30um_O_2D,8.779436233099762,1.0429529569810256,0.11160927447712843,0.0,0.0,2511887.0,5.984384446992241,0.0,0.0,0.0,0.0,0.0,11.315469187636037
1,30um_O_2D3R,9.66145433191437,1.050393637327943,0.11935834294487652,0.0,0.0,0.0,6.057057203654237,0.0,0.0,0.0,0.0,0.0,12.148573800845085
2,30um_O_1D,8.00696454158848,1.0370240795309655,0.10249309895990621,0.0,0.0,735643.0,3.6778602151232795,0.0,0.0,0.0,0.0,0.0,10.155035840154385
