,device,Pr (mC/cm^2),Vc (P-V),Imprint (P-V),Vc (I-V),Imprint (I-V),endurance,10^6 Pr (mC/cm^2),10^6 Vc,10^6 Imprint,10^7 Pr (mC/cm^2),10^7 Vc,10^7 Imprint,max Pr (mC/cm^2)
0,30um_O_1D,14.020221473219625,1.0060439654625952,0.20747824479493843,0.0,0.0,2511887.0,10.16802853766914,0.0,0.0,0.0,0.0,0.0,18.202178186876132
1,20um_O_3D4R,13.744807276339086,0.9906813689740375,0.193664434341506,0.0,0.0,0.0,8.871456499030563,0.0,0.0,0.0,0.0,0.0,17.82032690095232
2,30um_O_3D3R,13.970593562198703,0.9975714307511225,0.20080438446258664,0.0,0.0,2894267.0,10.023705879275994,0.0,0.0,0.0,0.0,0.0,18.25908779425382
