,device,Pr (mC/cm^2),Vc (P-V),Imprint (P-V),Vc (I-V),Imprint (I-V),endurance,10^6 Pr (mC/cm^2),10^6 Vc,10^6 Imprint,10^7 Pr (mC/cm^2),10^7 Vc,10^7 Imprint,max Pr (mC/cm^2)
0,30um_O_1D,14.020221473219625,1.0060439654625952,0.20747824479493843,0.0,0.0,2511887.0,9.151225683902226e-11,0.0,0.0,0.0,0.0,0.0,1.6381960368188517e-10
1,20um_O_3D4R,13.744807276339086,0.9906813689740375,0.193664434341506,0.0,0.0,0.0,3.548582599612225e-11,0.0,0.0,0.0,0.0,0.0,7.128130760380929e-11
2,30um_O_3D3R,13.970593562198703,0.9975714307511225,0.20080438446258664,0.0,0.0,2894267.0,9.021335291348395e-11,0.0,0.0,0.0,0.0,0.0,1.6433179014828438e-10
