,device,Pr,Vc (P-V),Imprint (P-V),Vc (I-V),Imprint (I-V),endurance,10^6 Pr,10^6 Vc,10^6 Imprint,10^7 Pr,10^7 Vc,10^7 Imprint
0,20um_O_2D5R,12.854598352163286,0.9415495117427781,0.14056160675652074,0.0,0.0,0.0,0.0,0.0,0.0,0.0,0.0,0.0
1,30um_O_2D,13.554138076246328,1.0627156884875149,0.14663748546093403,0.0,0.0,2511887.0,0.0,0.0,0.0,0.0,0.0,0.0
2,30um_O_2D3R,12.97225133682431,0.9549501625588164,0.12689314327723022,0.0,0.0,2511887.0,0.0,0.0,0.0,0.0,0.0,0.0
