,device,Pr (mC/cm^2),Vc (P-V),Imprint (P-V),Vc (I-V),Imprint (I-V),endurance,10^6 Pr (mC/cm^2),10^6 Vc,10^6 Imprint,10^7 Pr (mC/cm^2),10^7 Vc,10^7 Imprint,max Pr (mC/cm^2)
0,30um_O_1D,11.301283271317192,0.8856611540541053,0.0886379676300495,0.0,0.0,0.0,7.170946452813415e-11,0.0,0.0,0.0,0.0,0.0,1.442701278793025e-10
1,20um_O_NAD5R,6.852036937788716,0.7240853727271315,0.13235987537772131,0.0,0.0,2511887.0,3.174271930001755e-11,0.0,0.0,0.0,0.0,0.0,5.34481621537086e-11
2,30um_O_2D3R,11.426337376082374,0.8872282167722005,0.08845329722442064,0.0,0.0,0.0,3.1104107388624206e-11,0.0,0.0,0.0,0.0,0.0,7.368303639569974e-11
3,30um_O_3R,11.274547608791973,0.939329183252994,0.15579770121329317,0.0,0.0,2894267.0,8.221599387367313e-11,0.0,0.0,0.0,0.0,0.0,1.4606085026857233e-10
4,20um_O_NA2D5R,10.967132738961874,0.8352778718108311,0.051164464188928616,0.0,0.0,2511887.0,3.7345263072352317e-11,0.0,0.0,0.0,0.0,0.0,6.401143886593184e-11
5,30um_O_2R,11.454507880045556,0.8851628567790613,0.09045286425155563,0.0,0.0,2511887.0,8.521752660681197e-11,0.0,0.0,0.0,0.0,0.0,1.468066096489907e-10
