,device,Pr,Vc (P-V),Imprint (P-V),Vc (I-V),Imprint (I-V),endurance,10^6 Pr,10^6 Vc,10^6 Imprint,10^7 Pr,10^7 Vc,10^7 Imprint
0,30um_O_4D3R,2.2062942525735686e-27,0.9443748043850064,0.16475370077572077,0.0,0.0,0.0,0.0,0.0,0.0,0.0,0.0,0.0
1,30um_O_1D,2.2659837401748523e-27,0.9663854346144944,0.14023263034406958,0.0,0.0,2511887.0,0.0,0.0,0.0,0.0,0.0,0.0
2,30um_O_1D,0.0,0.0,0.0,0.0,0.0,0.0,0.0,0.0,0.0,0.0,0.0,0.0
3,20um_O_4R,2.9205107310845395e-27,0.9310788558796048,0.16181712536657517,0.0,0.0,2511887.0,0.0,0.0,0.0,0.0,0.0,0.0
