,device,Pr,Vc (P-V),Imprint (P-V),Vc (I-V),Imprint (I-V),endurance,10^6 Pr,10^6 Vc,10^6 Imprint,10^7 Pr,10^7 Vc,10^7 Imprint
0,30um_O_1D,1.430282410534501e-27,1.0416300661163405,0.2909993840437921,0.0,0.0,2511887.0,0.0,0.0,0.0,0.0,0.0,0.0
1,20um_O_2D5R,1.4817669291034014e-27,0.9704140288231429,0.17136929367961035,0.0,0.0,2511887.0,0.0,0.0,0.0,0.0,0.0,0.0
2,20um_O_3R,1.5039756191015414e-27,0.9853732273622882,0.186442623172342,0.0,0.0,0.0,0.0,0.0,0.0,0.0,0.0,0.0
