,device,Pr (mC/cm^2),Vc (P-V),Imprint (P-V),Vc (I-V),Imprint (I-V),endurance,10^6 Pr (mC/cm^2),10^6 Vc,10^6 Imprint,10^7 Pr (mC/cm^2),10^7 Vc,10^7 Imprint,max Pr (mC/cm^2)
0,30um_O_1D,14.302824105345008,1.0416300661163405,0.2909993840437921,0.0,0.0,735643.0,5.40826947992977,0.0,0.0,0.0,0.0,0.0,18.605250380127185
1,20um_O_2D5R,14.817669291034013,0.9704140288231429,0.17136929367961035,0.0,0.0,2511887.0,10.747727954265413,0.0,0.0,0.0,0.0,0.0,19.125820756249464
2,20um_O_3R,15.039756191015414,0.9853732273622882,0.186442623172342,0.0,0.0,0.0,9.628277832873891,0.0,0.0,0.0,0.0,0.0,19.343706005512377
