,device,Pr (mC/cm^2),Vc (P-V),Imprint (P-V),Vc (I-V),Imprint (I-V),endurance,10^6 Pr (mC/cm^2),10^6 Vc,10^6 Imprint,10^7 Pr (mC/cm^2),10^7 Vc,10^7 Imprint,max Pr (mC/cm^2)
0,30um_O_2R,10.008512425212716,0.9009403068339452,0.11874999594826968,0.0,0.0,2511887.0,7.733648564096062e-11,0.0,0.0,0.0,0.0,0.0,1.352865666259717e-10
1,30um_O_1D,9.340996834607651,0.8943787458920269,0.11206056790344188,0.0,0.0,0.0,6.161684278288125e-11,0.0,0.0,0.0,0.0,0.0,1.2391579126314945e-10
