,device,Pr (mC/cm^2),Vc (P-V),Imprint (P-V),Vc (I-V),Imprint (I-V),endurance,10^6 Pr (mC/cm^2),10^6 Vc,10^6 Imprint,10^7 Pr (mC/cm^2),10^7 Vc,10^7 Imprint,max Pr (mC/cm^2)
0,30um_O_1D,12.908125430958812,0.9535268567269668,0.0968696120513623,1.0978886463562958,0.43538119387505775,2626037.0,16.965603290408183,0.8935676435116082,0.8935676435116082,0.0,0.0,0.0,17.217209906503527
1,30um_O_2R,12.880019212376814,0.953751944412943,0.08001717564589761,1.1418885593302548,0.43239364278675474,0.0,0.0,0.0,0.0,0.0,0.0,0.0,0.0
