,device,Pr,Vc (P-V),Imprint (P-V),Vc (I-V),Imprint (I-V),endurance,10^6 Pr,10^6 Vc,10^6 Imprint,10^7 Pr,10^7 Vc,10^7 Imprint
0,30um_O_1D,12.908125430958812,0.9535268567269668,0.0968696120513623,0.0,0.0,0.0,0.0,0.0,0.0,0.0,0.0,0.0
1,30um_O_2R,12.880019212376814,0.953751944412943,0.08001717564589761,0.0,0.0,8576959.0,0.0,0.0,0.0,0.0,0.0,0.0
