,device,Pr,Vc (P-V),Imprint (P-V),Vc (I-V),Imprint (I-V),endurance,10^6 Pr,10^6 Vc,10^6 Imprint,10^7 Pr,10^7 Vc,10^7 Imprint
0,30um_O_1D,0.016876785164441493,0.05075768710230477,0.02868796407242595,0.0,0.0,0.0,0.0,0.0,0.0,0.0,0.0,0.0
