,device,Pr (mC/cm^2),Vc (P-V),Imprint (P-V),Vc (I-V),Imprint (I-V),endurance,10^6 Pr (mC/cm^2),10^6 Vc,10^6 Imprint,10^7 Pr (mC/cm^2),10^7 Vc,10^7 Imprint,max Pr (mC/cm^2)
0,30um_O_2R,0.14691486790575314,0.1544699355144985,0.07308841894712817,0.0,0.0,8576959.0,2.3674249067165345e-12,0.0,0.0,0.0,0.0,0.0,5.9560067900110606e-12
1,30um_O_1D,0.21810994136709888,0.09515119876596145,-0.018338193094618357,0.0,0.0,0.0,2.238965475183382e-12,0.0,0.0,0.0,0.0,0.0,4.502530969046079e-12
