,device,Pr,Vc (P-V),Imprint (P-V),Vc (I-V),Imprint (I-V),endurance,10^6 Pr,10^6 Vc,10^6 Imprint,10^7 Pr,10^7 Vc,10^7 Imprint
0,30um_O_2R,1.469148679057527e-29,0.1544699355144985,0.07308841894712817,0.0,0.0,8576959.0,0.0,0.0,0.0,0.0,0.0,0.0
1,30um_O_1D,2.1810994136709922e-29,0.09515119876596145,-0.018338193094618357,0.0,0.0,0.0,0.0,0.0,0.0,0.0,0.0,0.0
