,device,Pr (mC/cm^2),Vc (P-V),Imprint (P-V),Vc (I-V),Imprint (I-V),endurance,10^6 Pr (mC/cm^2),10^6 Vc,10^6 Imprint,10^7 Pr (mC/cm^2),10^7 Vc,10^7 Imprint,max Pr (mC/cm^2)
0,30um_O_1D,1.0603879388781996,0.5132190611620899,0.08947680371009067,0.0,0.0,8576959.0,0.745718652416433,0.0,0.0,0.0,0.0,0.0,1.7314224098496906
1,30um_O_2R,0.9319924023050883,0.37890328490175307,0.014551824314202988,0.0,0.0,0.0,0.7724195649316583,0.0,0.0,0.0,0.0,0.0,1.5504598460812506
