{"Fold": 4, "MSE": 0.2517222464084625, "_timestamp": 1704126031.656148, "_runtime": 22.654541015625, "_step": 5, "Average_MSE": 0.9787514865398407, "_wandb": {"runtime": 22}}