{"train loss": {"min": 3.5194764137268066}, "_timestamp": 1675010883.8577018, "_runtime": 5.44123387336731, "_step": 999, "_wandb": {"runtime": 4}}