{"train loss": {"min": 1.6614570617675781}, "_timestamp": 1676423559.291169, "_runtime": 7.552049875259399, "_step": 499, "_wandb": {"runtime": 4}}