{"train loss": {"min": 1.6438438892364502}, "_timestamp": 1675022312.500393, "_runtime": 7.913963794708252, "_step": 2999, "_wandb": {"runtime": 8}}