{"Fold": 3, "MSE": 0.3643597364425659, "_timestamp": 1704126057.194775, "_runtime": 16.436341047286987, "_step": 3, "_wandb": {"runtime": 8}}