{"Fold": 4, "MSE": 0.2370278686285019, "_timestamp": 1704127204.385375, "_runtime": 23.376435041427612, "_step": 5, "Average_MSE": 0.9336242645978927, "_wandb": {"runtime": 22}}