{"train loss": {"min": 1.6449886560440063}, "_timestamp": 1676423419.558041, "_runtime": 8.539513111114502, "_step": 2999, "_wandb": {"runtime": 9}}