{"train loss": {"min": 3.5194764137268066}, "_timestamp": 1675013792.306257, "_runtime": 5.121319055557251, "_step": 999, "_wandb": {"runtime": 5}}