{"train loss": {"min": 2.1470394134521484}, "_timestamp": 1676727195.6453938, "_runtime": 3.996473789215088, "_step": 499, "_wandb": {"runtime": 5}}