{"train loss": {"min": 1.6536531448364258}, "_timestamp": 1676727224.143279, "_runtime": 4.909694194793701, "_step": 999, "_wandb": {"runtime": 5}}