{"train loss": {"min": 3.5194764137268066}, "_timestamp": 1675013706.322496, "_runtime": 5.764600038528442, "_step": 999, "_wandb": {"runtime": 4}}