{"Fold": 4, "MSE": 0.19132420420646667, "_timestamp": 1704127272.424702, "_runtime": 23.71747088432312, "_step": 5, "Average_MSE": 0.9210811793804169, "_wandb": {"runtime": 23}}