{"train loss": {"min": 1.6424133777618408}, "_timestamp": 1676423224.973543, "_runtime": 8.958997011184692, "_step": 2999, "_wandb": {"runtime": 10}}