Energy density 	 Time (ms)
PI: 1.503078781068325	8.850209122655428
EI: 1.503078781068325	8.850209122655428
CA: 4.828201830387116	14.954765211402503
TH: 4.163177341222764	3.215233961918342
UCB: 1.503078781068325	8.850209122655428
Max_var: 1.6693349033594131	2.276071443020234

Figure of merit
PI: 3.7669215202331543
EI: 3.7669215202331543
CA: 2.590935230255127
TH: 2.459246873855591
UCB: 3.7669215202331543
Max_var: 2.459331512451172
