Energy density 	 Time (ms)
PI: 1.336822658777237	8.850209122655428
EI: 1.1705665364861488	8.850209122655428
CA: 2.3343595266342168	12.13727784410193
TH: 1.336822658777237	12.13727784410193
UCB: 1.0043103471398354	8.850209122655428
Max_var: 3.664408773183823	2.276071443020234

Figure of merit
PI: 4.773707866668701
EI: 4.622325897216797
CA: 2.809805393218994
TH: 2.6901743412017822
UCB: 4.192216873168945
Max_var: 2.5189201831817627
