Energy density 	 Time (ms)
PI: 1.336822658777237	8.850209122655428
EI: 1.336822658777237	8.850209122655428
CA: 4.163177341222764	14.954765211402503
TH: 4.495689451694489	5.563140211815174
UCB: 1.1705665364861488	8.850209122655428
Max_var: 5.160714209079743	2.276071443020234

Figure of merit
PI: 2.532315731048584
EI: 2.532315731048584
CA: 2.5761656761169434
TH: 2.4732303619384766
UCB: 2.5013136863708496
Max_var: 2.4653873443603516
