Acq,Time (ms),Energy density new cone (J/cm^2),2 Qsw/(U+|D|) 1e6
qUCB,1.2,11.24,2.869999885559082
qUCB,4.17,15.44,2.869999885559082
qUCB,4.25,13.99,2.8399999141693115
qUCB,2.15,12.29,2.7899999618530273
thompson,1.7,7.33,2.62
thompson,4.84,14.11,3.24
thompson,3.94,11.32,2.56
thompson,3.39,11.71,2.57
