Energy density 	 Time (ms)
PI: 9.31978988647461	1.503078818321228
EI: 8.850208282470703	1.3368226289749146
CA: 12.137277603149414	1.503078818321228
TH: 7.441464900970459	3.498152494430542
UCB: 7.911046028137207	1.3368226289749146
Max_var: 12.137277603149414	0.3392857015132904

Figure of merit
PI: 2.461880922317505
EI: 2.4610557556152344
CA: 2.4620471000671387
TH: 3.1158344745635986
UCB: 2.4308266639709473
Max_var: 2.4620471000671387
