Energy density 	 Time (ms)
PI: 1.336822658777237	8.850209122655428
EI: 1.336822658777237	8.850209122655428
CA: 2.3343595266342168	12.13727784410193
TH: 2.0018471479415894	4.623977882310818
UCB: 1.1705665364861488	9.319790476801359
Max_var: 3.664408773183823	2.276071443020234

Figure of merit
PI: 4.437723636627197
EI: 4.437723636627197
CA: 2.7881081104278564
TH: 2.645909070968628
UCB: 3.8708810806274414
Max_var: 2.504094123840332
