Energy density 	 Time (ms)
PI: 6.502302947853996	1.8355911344095674
EI: 8.850209168635905	2.6668718767572086
CA: 8.850209168635905	2.6668718767572086
TH: 8.380627878488177	2.5006157903050563
UCB: 8.850209168635905	2.6668718767572086
Max_var: 8.380627878488177	2.5006157903050563

Figure of merit
PI: 2.4698808193206787
EI: 2.4704113006591797
CA: 2.4704113006591797
TH: 2.470393180847168
UCB: 2.4704113006591797
Max_var: 2.470393180847168
