Energy density 	 Time (ms)
PI: 8.85020923614502	2.6668717861175537
EI: 8.85020923614502	2.6668717861175537
CA: 8.85020923614502	2.6668717861175537
TH: 9.789371490478516	2.9993841648101807
UCB: 8.85020923614502	2.6668717861175537
Max_var: 10.258953094482422	3.1656405925750732

Figure of merit
PI: 2.504992723464966
EI: 2.504992723464966
CA: 2.50508975982666
TH: 2.5051159858703613
UCB: 2.504992723464966
Max_var: 2.5051164627075195
