Energy density 	 Time (ms)
PI: 1.1705665364861488	8.850209122655428
EI: 1.1705665364861488	8.850209122655428
CA: 2.6668719053268437	11.667696489956
TH: 3.99692115187645	5.093559047062996
UCB: 1.0043103471398354	8.850209122655428
Max_var: 2.833128094673157	2.276071443020234

Figure of merit
PI: 2.5396945476531982
EI: 2.5396945476531982
CA: 2.4558253288269043
TH: 2.5816895961761475
UCB: 2.525320291519165
Max_var: 2.8662686347961426
