Energy density 	 Time (ms)
PI: 1.336822658777237	8.850209122655428
EI: 1.336822658777237	8.850209122655428
CA: 4.163177341222764	14.954765211402503
TH: 4.329433262348176	15.424346565548433
UCB: 1.1705665364861488	8.850209122655428
Max_var: 5.160714209079743	2.276071443020234

Figure of merit
PI: 2.532397985458374
EI: 2.532397985458374
CA: 2.576206684112549
TH: 2.694455146789551
UCB: 2.5013904571533203
Max_var: 2.4654617309570312
