Energy density 	 Time (ms)
PI: 8.85020923614502	2.6668717861175537
EI: 8.85020923614502	2.6668717861175537
CA: 8.85020923614502	2.6668717861175537
TH: 2.745652675628662	0.5055418014526367
UCB: 8.85020923614502	2.6668717861175537
Max_var: 10.258953094482422	3.1656405925750732

Figure of merit
PI: 2.504992723464966
EI: 2.504992723464966
CA: 2.50508975982666
TH: 2.505253553390503
UCB: 2.504992723464966
Max_var: 2.5051164627075195
