Acq,Time (ms),Energy density new cone (J/cm^2),2 Qsw/(U+|D|) 1e6
PI,1.336822658777237,8.850209122655428,4.437723636627197
EI,1.336822658777237,8.850209122655428,4.437723636627197
CA,2.3343595266342168,12.13727784410193,2.7881081104278564
TH,2.3343595266342168,13.546021148964712,2.5305678844451904
UCB,1.1705665364861488,9.319790476801359,3.8708810806274414
Max Var,3.664408773183823,2.276071443020234,2.504094123840332
