Energy density 	 Time (ms)
PI: 1.3368226289749146	8.850208282470703
EI: 1.3368226289749146	8.850208282470703
CA: 4.163177490234375	14.954765319824219
TH: 3.165640354156494	3.2152340412139893
UCB: 1.1705665588378906	8.850208282470703
Max_var: 5.160714149475098	2.276071548461914

Figure of merit
PI: 2.532398223876953
EI: 2.532398223876953
CA: 2.576207160949707
TH: 2.620272397994995
UCB: 2.5013906955718994
Max_var: 2.4654619693756104
