Acq,Time (ms),Energy density new cone (J/cm^2),2 Qsw/(U+|D|) 1e6
qEI,4.79,14.49,3.1600000858306885
qEI,4.7,15.29,3.0399999618530273
qEI,1.47,9.16,3.869999885559082
qEI,1.49,8.88,3.9800000190734863
qUCB,4.22,1.28,2.809999942779541
qUCB,5.0,2.28,2.809999942779541
qUCB,4.58,14.89,2.930000066757202
qUCB,1.37,9.81,3.0899999141693115
thompson,1.7,6.4,2.75
thompson,2.29,5.05,2.64
thompson,2.61,2.05,2.63
thompson,0.94,13.29,2.62
