Energy density 	 Time (ms)
PI: 6.502302947853996	1.8355911344095674
EI: 8.850209168635905	2.6668718767572086
CA: 8.850209168635905	2.6668718767572086
TH: 6.9718842380017225	2.0018472924202304
UCB: 8.850209168635905	2.6668718767572086
Max_var: 2.276071566481182	0.33928571231360105

Figure of merit
PI: 2.4650049209594727
EI: 2.4650049209594727
CA: 2.4650049209594727
TH: 2.4650051593780518
UCB: 2.4650049209594727
Max_var: 2.464268922805786
