Energy density 	 Time (ms)
PI: 8.850208282470703	1.503078818321228
EI: 9.31978988647461	1.503078818321228
CA: 11.198114395141602	1.3368226289749146
TH: 8.380627632141113	0.8380541801452637
UCB: 8.850208282470703	1.3368226289749146
Max_var: 2.276071548461914	3.498152494430542

Figure of merit
PI: 2.444068670272827
EI: 2.4661004543304443
CA: 2.4884893894195557
TH: 2.4645981788635254
UCB: 2.4529519081115723
Max_var: 2.508361339569092
