Acq,Time (ms),Energy density new cone (J/cm^2),2 Qsw/(U+|D|) 1e6
qEI,1.5,8.86,3.9100000858306885
qEI,1.47,9.05,4.050000190734863
qEI,1.39,6.37,2.75
qEI,1.47,9.28,3.5799999237060547
qUCB,4.66,14.8,2.869999885559082
qUCB,1.48,6.52,2.690000057220459
qUCB,1.2,10.02,2.7300000190734863
qUCB,1.45,9.46,3.2799999713897705
thompson,1.7,7.33,2.45
thompson,2.59,6.89,2.36
thompson,1.51,12.34,2.5
thompson,3.53,13.64,2.43
