Energy density 	 Time (ms)
PI: 1.336822658777237	8.850209122655428
EI: 1.1705665364861488	8.850209122655428
CA: 2.3343595266342168	12.13727784410193
TH: 1.1705665364861488	12.60685919824786
UCB: 1.0043103471398354	8.850209122655428
Max_var: 3.99692115187645	2.276071443020234

Figure of merit
PI: 4.508388996124268
EI: 4.260004997253418
CA: 2.713505744934082
TH: 2.5442066192626953
UCB: 3.864198923110962
Max_var: 2.498929023742676
