Acq,Time (ms),Energy density new cone (J/cm^2),2 Qsw/(U+|D|) 1e6
qUCB,2.15,12.29,2.7899999618530273
qUCB,1.26,11.21,2.890000104904175
qUCB,4.22,14.06,2.8399999141693115
qUCB,4.17,15.44,2.869999885559082
thompson,1.7,7.33,2.62
thompson,2.21,12.79,2.7
thompson,3.88,11.93,2.57
thompson,4.0,10.85,2.54
