Energy density 	 Time (ms)
PI: 8.850208282470703	1.503078818321228
EI: 10.728534698486328	1.3368226289749146
CA: 13.076440811157227	3.6644086837768555
TH: 2.276071548461914	2.001847267150879
UCB: 13.076440811157227	1.3368226289749146
Max_var: 2.276071548461914	3.498152494430542

Figure of merit
PI: 2.085420608520508
EI: 2.3224217891693115
CA: 2.389179229736328
TH: 2.337658405303955
UCB: 2.2906713485717773
Max_var: 2.5237884521484375
