{"Fold": 4, "MSE": 0.18415868282318115, "_timestamp": 1704127242.142533, "_runtime": 30.17292594909668, "_step": 5, "Average_MSE": 0.920143973827362, "_wandb": {"runtime": 29}}