{"train loss": {"min": 1.6591806411743164}, "_timestamp": 1676423191.5667179, "_runtime": 8.993152856826782, "_step": 2999, "_wandb": {"runtime": 10}}