{"train loss": {"min": 2.8542087078094482}, "_timestamp": 1676727140.2705421, "_runtime": 4.291260242462158, "_step": 499, "_wandb": {"runtime": 5}}