{"train loss": {"min": 3.5194764137268066}, "_timestamp": 1675010746.570063, "_runtime": 4.744166135787964, "_step": 999, "_wandb": {"runtime": 5}}