{"train loss": {"min": 3.5194764137268066}, "_timestamp": 1675018442.396617, "_runtime": 5.543619871139526, "_step": 999, "_wandb": {"runtime": 4}}