{"Fold": 4, "MSE": 0.14299941062927246, "_timestamp": 1704127097.1154728, "_runtime": 33.86636781692505, "_step": 5, "Average_MSE": 0.9509002208709717, "_wandb": {"runtime": 33}}