{"train loss": {"min": 1.6462312936782837}, "_timestamp": 1676423527.100255, "_runtime": 6.730587005615234, "_step": 999, "_wandb": {"runtime": 7}}