{"Fold": 4, "MSE": 0.16632071137428284, "_timestamp": 1704127482.614476, "_runtime": 24.7237708568573, "_step": 5, "Average_MSE": 0.913242369890213, "_wandb": {"runtime": 22}}