{"train loss": {"min": 5.01491117477417}, "_timestamp": 1676726681.113858, "_runtime": 4.884605884552002, "_step": 999, "_wandb": {"runtime": 5}}