{"Fold": 4, "MSE": 0.18658503890037537, "_timestamp": 1704125996.229732, "_runtime": 24.43410015106201, "_step": 5, "Average_MSE": 0.962407010793686, "_wandb": {"runtime": 24}}