{"train loss": {"min": 6.820372104644775}, "_timestamp": 1676423491.8434079, "_runtime": 3.0645699501037598, "_step": 0, "_wandb": {"runtime": 4}}