{"train loss": {"min": 3.5194764137268066}, "_timestamp": 1675016975.231715, "_runtime": 5.162790060043335, "_step": 999, "_wandb": {"runtime": 5}}