{"train loss": {"min": 1.6455934047698975}, "_timestamp": 1675022283.845854, "_runtime": 7.827763080596924, "_step": 2999, "_wandb": {"runtime": 8}}