{"Fold": 4, "MSE": 0.18595977127552032, "_timestamp": 1704127342.508054, "_runtime": 26.050467014312744, "_step": 5, "Average_MSE": 0.9264191657304763, "_wandb": {"runtime": 25}}