{"train loss": {"min": 9.830370903015137}, "_timestamp": 1676726610.193812, "_runtime": 3.6688599586486816, "_step": 99, "_wandb": {"runtime": 5}}