{"train loss": {"min": 3.5194764137268066}, "_timestamp": 1675018513.7493749, "_runtime": 5.253028869628906, "_step": 999, "_wandb": {"runtime": 4}}