{"train loss": {"min": 3.5194764137268066}, "_timestamp": 1675018577.28598, "_runtime": 5.350668907165527, "_step": 999, "_wandb": {"runtime": 4}}