,device,Pr (mC/cm^2),2 Qsw/(U+|D|),Vc (P-V),Imprint (P-V),Vc (I-V),Imprint (I-V),endurance,10^6 Pr (mC/cm^2),10^6 2 Qsw/(U+|D|),10^6 Vc,10^6 Imprint,10^7 Pr (mC/cm^2),10^7 Vc,10^7 Imprint,max Pr (mC/cm^2)
0,30um_O_1D,-0.08015355585181727,0.009818516230035828,0.03509617508241151,0.03509617508241151,2.5702478702092537,2.5702478702092537,0.0,0.0,0.0,0.0,0.0,0.0,0.0,0.0,0.0
