,device,Pr (mC/cm^2),2 Qsw/(U+|D|),Vc (P-V),Imprint (P-V),Vc (I-V),Imprint (I-V),endurance,10^6 Pr (mC/cm^2),10^6 2 Qsw/(U+|D|),10^6 Vc,10^6 Imprint,10^7 Pr (mC/cm^2),10^7 Vc,10^7 Imprint,max Pr (mC/cm^2)
0,30um_O_1D,0.016876785164441493,0.028656104333789133,0.05075768710230477,0.02868796407242595,2.2536394266062416,0.5678918066213123,0.0,0.0,0.0,0.0,0.0,0.0,0.0,0.0,0.0
