{"train loss": {"min": 3.5194764137268066}, "_timestamp": 1675014005.934334, "_runtime": 5.145669937133789, "_step": 999, "_wandb": {"runtime": 5}}