{"train loss": {"min": 1.642278790473938}, "_timestamp": 1676726873.594631, "_runtime": 12.215626001358032, "_step": 4999, "_wandb": {"runtime": 13}}