{"Fold": 4, "MSE": 0.16934537887573242, "_timestamp": 1704127136.8119721, "_runtime": 25.5940420627594, "_step": 5, "Average_MSE": 0.9133741140365601, "_wandb": {"runtime": 25}}