{"train loss": {"min": 1.6446027755737305}, "_timestamp": 1676423462.8490071, "_runtime": 8.591148138046265, "_step": 2999, "_wandb": {"runtime": 9}}