{"train loss": {"min": 3.5194764137268066}, "_timestamp": 1675013585.547521, "_runtime": 4.987908124923706, "_step": 999, "_wandb": {"runtime": 5}}