{"Fold": 4, "MSE": 0.1459018886089325, "_timestamp": 1704127173.481685, "_runtime": 23.875471830368042, "_step": 5, "Average_MSE": 0.9498659431934356, "_wandb": {"runtime": 23}}