{"train loss": {"min": 3.5194764137268066}, "_timestamp": 1675014054.5695958, "_runtime": 4.9313647747039795, "_step": 999, "_wandb": {"runtime": 4}}