{"Fold": 4, "MSE": 0.1683451235294342, "_timestamp": 1704127414.779753, "_runtime": 26.3647780418396, "_step": 5, "Average_MSE": 0.9132931530475616, "_wandb": {"runtime": 26}}