,device,Pr (mC/cm^2),2 Qsw/(U+|D|),Vc (P-V),Imprint (P-V),Vc (I-V),Imprint (I-V),endurance,10^6 Pr (mC/cm^2),10^6 2 Qsw/(U+|D|),10^6 Vc,10^6 Imprint,10^7 Pr (mC/cm^2),10^7 Vc,10^7 Imprint,max Pr (mC/cm^2)
0,30um_O_1D,-0.036411094899647056,0.030371547538480797,0.08261359230969215,0.08261359230969215,2.4284019294253563,2.4284019294253563,0.0,0.0,0.0,0.0,0.0,0.0,0.0,0.0,0.0
