,device,Pr (mC/cm^2),2 Qsw/(U+|D|),Vc (P-V),Imprint (P-V),Vc (I-V),Imprint (I-V),endurance,10^6 Pr (mC/cm^2),10^6 2 Qsw/(U+|D|),10^6 Vc,10^6 Imprint,10^7 Pr (mC/cm^2),10^7 Vc,10^7 Imprint,max Pr (mC/cm^2)
0,30um_O_3D2R,5.6770493011350025,0.7416038326988528,0.8432027575618122,0.08892077420789635,1.0760380088395323,0.30531479948006224,2626037.0,8.467453977580213,1.8994986893086923,0.8178325869151408,0.8178325869151408,0.0,0.0,0.0,8.879708736468299
1,30um_O_3R,4.564903653974598,0.6727864772316071,0.7820148030878045,0.04324125746750751,1.0473772013792768,0.22980728906366527,2511887.0,0.0,0.0,0.0,0.0,0.0,0.0,0.0,7.098996797937476
2,20um_O_2D3R,1.5602825619964826,0.3639777410649935,0.506205151847098,0.00443974071563169,1.345566968433559,-0.04043926055860769,8576959.0,0.0,0.0,0.0,0.0,0.0,0.0,0.0,2.8596859930632155
3,20um_O_4D4R,3.1532001992573537,0.5772258186223703,0.7341130232089199,0.03401523977630805,1.1514660650282167,0.27617947789953123,8576959.0,0.0,0.0,0.0,0.0,0.0,0.0,0.0,5.1621002673062755
4,30um_O_1D,3.6440213774666415,0.7850919419951748,0.9706603447630187,0.021429518540348136,1.3291737459367141,-0.026093091229309584,8576959.0,0.0,0.0,0.0,0.0,0.0,0.0,0.0,4.809737525359488
