{"train loss": {"min": 2.770228862762451}, "_timestamp": 1676726643.7116349, "_runtime": 5.184713840484619, "_step": 999, "_wandb": {"runtime": 6}}