{"train loss": {"min": 1.7010830640792847}, "_timestamp": 1676726806.0475671, "_runtime": 5.326747179031372, "_step": 999, "_wandb": {"runtime": 6}}